kreiskey1878,county,rb,tax1878_cta,tax1878_cit,tax1878_total,tax1878_tlt,tax1878_tin
1,"Memel","KON",73601,43247,228700,77963,141004
2,"Fischhausen","KON",51294,14903,192992,95134,148582
3,"Landkreis Königsberg","KON",43424,22325,225365,147780,188048
4,"Labiau","KON",37855,10259,129946,100064,155113
5,"Wehlau","KON",39638,17849,163934,74876,138699
6,"Gerdauen","KON",25439,14775,131341,79175,137599
7,"Rastenburg","KON",34577,22953,184550,116264,139311
8,"Friedland","KON",35002,23061,162716,134249,278738
9,"Preussisch Eylau","KON",45703,24494,196867,190930,257901
10,"Heiligenbeil","KON",36801,14306,155523,68920,129709
11,"Braunsberg","KON",69644,16550,190613,71123,111843
12,"Heilsberg","KON",63708,7094,167662,121978,150426
13,"Rössel","KON",57935,9776,145803,54968,78649
14,"Allenstein","KON",52158,8769,125578,35081,167324
15,"Ortelsburg","KON",29243,6785,101569,47189,93388
16,"Neidenburg","KON",36216,9477,119945,97654,182747
17,"Osterode i. Ostpr.","KON",42477,17859,152367,69964,110374
18,"Mohrungen","KON",38883,16623,159037,58080,99816
19,"Preussisch Holland","KON",47274,21150,182955,78101,170518
20,"Heydekrug","GUM",34094,4376,99986,35967,67069
21,"Niederung","GUM",50220,8136,173704,127740,224413
22,"Tilsit","GUM",78653,55696,272379,133159,291068
23,"Ragnit","GUM",42150,8108,151482,106420,147998
24,"Pillkallen","GUM",36662,5844,126630,66355,161706
25,"Stallupönen","GUM",39530,10188,135584,92272,112953
26,"Gumbinnen","GUM",52645,23795,164138,78061,106921
27,"Insterburg","GUM",75729,26501,236855,106312,185843
28,"Darkehmen","GUM",27696,10607,103591,64690,97233
29,"Angerburg","GUM",24732,7104,93556,30522,51188
30,"Goldap","GUM",31382,6875,90930,91019,110015
31,"Oletzko","GUM",34320,5910,86918,53606,82661
32,"Lyk","GUM",40354,7922,113597,66704,101803
33,"Lötzen","GUM",27859,7069,85246,72552,101125
34,"Sensburg","GUM",43341,8616,112517,58117,84963
35,"Johannisburg","GUM",35607,5613,95140,70959,183566
36,"Landkreis Elbing","DAN",43275,7641,159319,89929,151048
37,"Marienburg i. Pr.","DAN",84615,59418,404299,166707,229115
38,"Landkreis Danzig","DAN",69368,32291,285054,159131,410315
39,"Pr. Stargard","DAN",71304,36804,223550,67505,132451
40,"Berent","DAN",30917,6210,93623,81868,114302
41,"Karthaus","DAN",41807,7677,103127,62281,242906
42,"Neustadt i. Wpr.","DAN",52536,16557,147824,124048,155604
43,"Stuhm","MAR",44129,15698,169195,85075,109542
44,"Marienwerder","MAR",80840,63752,298952,127916,252279
45,"Rosenberg i. Pr.","MAR",53627,30383,187970,90535,139052
46,"Löbau","MAR",39313,13491,110467,87117,196436
47,"Strasburg","MAR",62604,21425,193134,97487,349119
48,"Thorn","MAR",92431,58524,316940,127752,177946
49,"Kulm","MAR",59291,42538,245588,117723,176202
50,"Graudenz","MAR",67602,40262,257478,123000,150890
51,"Schwetz","MAR",72951,21522,221853,145687,439777
52,"Konitz","MAR",70752,24641,201476,129718,315784
53,"Schlochau","MAR",59505,13029,156440,56495,149797
54,"Flatkow","MAR",71079,12258,189112,90031,156811
55,"Dt. Krone","MAR",75075,21033,219577,100276,2613635
56,"Prenzlau","POT",99215,89270,450325,106994,244598
57,"Templin","POT",66689,33637,223154,51865,93794
58,"Angermünde","POT",105762,55601,376414,42839,77319
59,"Oberbarnim","POT",145808,92534,478003,99025,203196
60,"Niederbarnim","POT",203115,95459,609088,89169,555171
61,"Teltow","POT",235069,134468,644659,107729,410463
62,"Beeskow-Storkow","POT",61019,16805,172918,76471,140514
63,"Jüterbock-Luckenwalde","POT",108095,40322,286616,45103,118592
64,"Zauche-Belzig","POT",122060,36281,346728,65995,188489
65,"Ost-Havelland","POT",168009,88734,472600,157239,204523
66,"West-Havelland","POT",157393,110477,487695,132014,179147
67,"Ruppin","POT",128605,55261,398958,136917,363144
68,"Ostpriegnitz","POT",117162,35888,344685,70325,288422
69,"Westpriegnitz","POT",132384,39830,429773,68545,114408
70,"Königsberg","FRA",141361,68803,503846,163747,254118
71,"Soldin","FRA",62138,20868,246506,61321,106581
72,"Arnswalde","FRA",46017,13647,162823,39927,78524
73,"Friedeberg","FRA",69617,19999,228653,14100,42731
74,"Landsberg","FRA",125882,55161,395451,61657,153949
75,"Lebus","FRA",143166,71565,495581,194510,281737
76,"West-Sternberg","FRA",59064,16257,183932,11544,41300
77,"Ost-Sternberg","FRA",59149,16348,181407,18919,47441
78,"Züllichau-Schwiebus","FRA",66783,28240,204077,34763,87489
79,"Krossen","FRA",79052,27707,225507,37962,77755
80,"Guben","FRA",106436,37776,286758,0,33521
81,"Lübben","FRA",41963,11529,116784,38460,140605
82,"Luckau","FRA",95212,20034,257562,40759,79977
83,"Kalau","FRA",66012,17070,189339,33170,70069
84,"Kottbus","FRA",95088,46874,283929,70601,114430
85,"Sorau","FRA",131808,53517,342506,86050,135275
86,"Spremberg","FRA",32839,13626,88844,6190,17746
87,"Demmin","STE",71147,59231,324964,31437,73820
88,"Anklam","STE",51334,39600,196447,28934,57914
89,"Usedom-Wollin","STE",75607,23603,187300,59285,93392
90,"Ükermünde","STE",66817,17275,151761,13190,39073
91,"Randow","STE",165986,62441,491321,74042,174805
92,"Greifenhagen","STE",81706,30168,250275,72257,146861
93,"Pyritz","STE",66854,35569,281780,108042,350097
94,"Saatzig","STE",110572,67447,330615,30281,80808
95,"Naugard","STE",76451,22172,213207,51262,195134
96,"Kammin","STE",48256,21702,159356,80732,124366
97,"Greifenberg","STE",53556,25186,189000,72930,109872
98,"Regenwalde","STE",57405,33273,201731,38345,97313
99,"Schivelbein","KOS",27371,7869,70308,7434,22364
100,"Dramburg","KOS",36560,12519,107321,39018,69932
101,"Neustettin","KOS",82470,15279,209400,19005,92758
102,"Belgard","KOS",52880,19960,158231,41276,73583
103,"Kolberg-Körlin","KOS",71751,37145,229727,73573,103269
104,"Köslin","KOS",69304,55277,234772,49463,86724
105,"Bublitz","KOS",23363,4149,60265,25043,46273
106,"Schlawe","KOS",109352,25322,298198,90783,131187
107,"Rummelsburg","KOS",24817,5917,70033,22791,67995
108,"Stolp","KOS",112365,65202,362953,68981,179956
109,"Lauenburg","KOS",43841,16483,123489,53995,86270
110,"Bütow","KOS",26090,7325,61092,2792,37551
111,"Rügen","STR",65415,39902,331643,74794,116543
112,"Franzburg","STR",60845,43598,267507,30838,56199
113,"Greifswald","STR",88240,78490,398027,51980,78056
114,"Grimmen","STR",46810,26257,236255,2919,50234
115,"Wreschen","POS",36571,12182,129796,69249,78540
116,"Pleschen","POS",55885,20724,185339,94211,102636
117,"Schroda","POS",50349,16773,192365,78801,129937
118,"Schrimm","POS",49039,19017,172809,38472,42842
119,"Kosten","POS",69129,28991,238312,58184,63727
120,"Buk","POS",57864,16854,181941,99688,131736
121,"Landkreis Posen","POS",58655,22706,205172,49500,56687
122,"Obernik","POS",49501,16806,171550,81476,128153
123,"Samter","POS",41487,26712,176845,94028,150090
124,"Birnbaum","POS",59438,17717,158900,40024,47287
125,"Meseritz","POS",61250,14586,153231,74876,76723
126,"Bomst","POS",48756,13891,144836,96953,110056
127,"Fraustadt","POS",72040,30259,247300,30525,32996
128,"Kröben","POS",76529,40917,296117,44432,45550
129,"Krotoschin","POS",78598,31348,240360,53681,64714
130,"Adelnau","POS",50953,20747,168350,84315,88786
131,"Schildberg","POS",41055,18822,151671,74008,90855
132,"Czarnikau","BRO",81727,20279,223922,73804,135827
133,"Chodziesen","BRO",60807,17178,172559,57563,60384
134,"Wirsitz","BRO",65553,20525,216562,45792,81014
135,"Bromberg","BRO",72290,18737,217494,78541,596588
136,"Schubin","BRO",49288,27711,194927,79268,175161
137,"Inowraclaw","BRO",68728,41119,338981,112855,113833
138,"Mogilno","BRO",43808,14745,155762,78232,167143
139,"Gnesen","BRO",64847,31775,224430,105621,179319
140,"Wongrowitz","BRO",50004,19940,203822,90142,101798
141,"Namslau","BRE",35775,15549,137548,15008,44018
142,"Wartenberg","BRE",41151,25338,148785,41146,68272
143,"Oels","BRE",75660,55913,305113,30503,231262
144,"Trebnitz","BRE",62247,29450,247613,51889,84350
145,"Militsch","BRE",52926,23858,191254,30000,73572
146,"Guhrau","BRE",49782,16524,165500,38900,56987
147,"Steinau","BRE",30910,11904,114067,10000,86882
148,"Wohlau","BRE",62504,25782,215046,19307,40167
149,"Neumarkt","BRE",71574,39138,328397,11896,57470
150,"Landkreis Breslau","BRE",81815,71363,380986,57708,569773
151,"Ohlau","BRE",73742,24609,256599,22677,53815
152,"Brieg","BRE",97864,59387,311014,9198,32821
153,"Strehlen","BRE",35432,28430,178813,57377,88469
154,"Nimptsch","BRE",33512,22621,188671,196291,232202
155,"Münsterberg","BRE",40922,26727,188099,8503,48636
156,"Frankenstein","BRE",70090,33560,247237,19298,46380
157,"Reichenbach","BRE",88646,54023,289293,17678,71544
158,"Schweidnitz","BRE",128479,89526,470171,21346,35539
159,"Striegau","BRE",53389,57604,246739,1873,33982
160,"Waldenburg","BRE",154652,178012,475117,87156,201496
161,"Glatz","BRE",68897,54630,248434,43928,202068
162,"Neurode","BRE",46815,16873,138167,19056,131002
163,"Habelschwerdt","BRE",63426,25106,196063,45798,131360
164,"Grünberg","LIE",62285,28977,206718,35358,57636
165,"Freistadt","LIE",58608,23570,210847,43339,162704
166,"Sagan","LIE",67379,24054,213748,27250,77358
167,"Sprottau","LIE",40870,19439,156752,20350,173986
168,"Glogau","LIE",95595,82691,416893,55514,95740
169,"Lüben","LIE",30677,17498,130638,0,15818
170,"Bunzlau","LIE",72630,32867,245383,11375,56697
171,"Goldberg-Haynau","LIE",61956,30108,239608,15774,38035
172,"Landkreis Liegnitz","LIE",56568,30660,292997,18512,44962
173,"Jauer","LIE",53632,39168,234341,7125,23632
174,"Schönau","LIE",31735,9705,103113,10369,44795
175,"Bolkenhain","LIE",37660,23097,135762,29522,114774
176,"Landeshut","LIE",65585,24149,158911,15195,33457
177,"Hirschberg","LIE",86464,77788,290234,13381,70217
178,"Löwenberg","LIE",85654,28973,280139,16618,42538
179,"Lauban","LIE",79703,38930,254646,29014,59048
180,"Stadtkreis Görlitz","LIE",64823,24197,228478,31106,54115
181,"Rothenburg","LIE",49112,27894,170979,24103,62333
182,"Hoyerswerda","LIE",38851,7017,114280,11612,32689
183,"Kreuzburg","OPP",42184,20722,154072,35601,69606
184,"Rosenberg","OPP",30661,8630,99116,39137,73695
185,"Oppeln","OPP",109826,50574,301236,47658,101369
186,"Gross Stehlitz","OPP",42419,28581,157970,48465,111407
187,"Lublinitz","OPP",38893,12986,104343,57628,94667
188,"Tost-Gleiwitz","OPP",105642,44731,280825,88911,165744
189,"Tarnowitz","OPP",36631,58068,138401,32700,60076
190,"Beuthen","OPP",140032,161438,439154,59028,100779
191,"Zabrze","OPP",45110,14370,99585,16699,138725
192,"Kattowitz","OPP",112175,63978,282280,66013,107091
193,"Pless","OPP",71588,18980,197791,59268,151291
194,"Rybnik","OPP",60851,21829,163513,39256,70312
195,"Ratibor","OPP",150980,85552,466674,151925,405801
196,"Kosel","OPP",64284,60559,259596,47464,93847
197,"Leobschütz","OPP",134936,31704,421166,79526,129602
198,"Neustadt","OPP",99797,51840,349174,80224,235744
199,"Falkenberg","OPP",38271,20091,144642,51665,94207
200,"Neisse","OPP",123550,72047,440078,113936,166069
201,"Grottkau","OPP",53700,26676,218434,34433,69753
202,"Osterburg","MAG",93986,28473,291089,36017,65166
203,"Salzwedel","MAG",96367,26036,273658,81553,177683
204,"Gardelegen","MAG",86211,24971,243370,43947,121679
205,"Stendal","MAG",98501,33276,279460,55485,81813
206,"Jerichow I","MAG",111797,57050,372331,115941,173300
207,"Jerichow II","MAG",93316,41041,280314,16514,48123
208,"Kalbe","MAG",148135,99122,541813,211372,288526
209,"Wanzleben","MAG",109136,130869,554066,231605,364601
210,"Wolmirstedt","MAG",75337,78410,350232,78150,111256
211,"Neuhaldensleben","MAG",82849,76828,369489,39131,57163
212,"Oschersleben","MAG",78373,70380,372626,171967,387370
213,"Aschersleben","MAG",115252,139599,483476,107192,139713
214,"Halberstadt","MAG",127881,132325,541673,41107,66206
215,"Wernigerode","MAG",50976,34776,167421,22700,35056
216,"Liebenwerda","MER",42130,8315,121881,12362,32725
217,"Torgau","MER",54396,26484,203679,22358,43782
218,"Schweinitz","MER",50294,5554,136870,21392,45239
219,"Wittenberg","MER",42329,22332,180841,16964,41712
220,"Bitterfeld","MER",43178,35411,202355,37468,71386
221,"Saale","MER",81483,56790,358959,59876,84099
222,"Delitzsch","MER",63331,37850,332582,24594,54054
223,"Gebirgskreis Mansfeld","MER",46457,19993,194738,21640,44505
224,"Seekreis Mansfeld","MER",63497,87570,402664,158954,212896
225,"Sangerhausen","MER",57611,25974,269060,21815,45444
226,"Eckartsberga","MER",44439,21435,194730,33803,68820
227,"Querfurt","MER",74762,48904,341043,50398,176573
228,"Merseburg","MER",63535,45258,335867,34393,84883
229,"Weissenfels","MER",73201,38364,327999,21150,64827
230,"Naumburg","MER",18348,6071,69452,13446,21783
231,"Zeitz","MER",43302,20693,173184,12000,24715
232,"Stadtkreis Nordhausen","ERF",113522,83778,386696,36744,59645
233,"Worbis","ERF",54501,10593,148293,10975,24866
234,"Heiligenstadt","ERF",48403,15927,141710,31889,53022
235,"Mühlhausen","ERF",90188,44062,277129,32700,72435
236,"Langensalza","ERF",73035,33380,265850,19405,32907
237,"Weissensee","ERF",43996,19614,178240,13067,47888
238,"Landkreis Erfurt","ERF",41444,14700,151798,14210,24240
239,"Ziegenrück","ERF",19838,3378,55613,3678,11036
240,"Schleusingen","ERF",41918,17834,109726,11273,34916
241,"Hadersleben","SCH",112912,53089,446811,154100,530439
242,"Apenrade","SCH",59496,20442,198006,17100,18760
243,"Sonderburg","SCH",72870,28014,273699,10363,11841
244,"Flensburg","SCH",133226,70918,471917,13724,19045
245,"Schleswig","SCH",123978,63126,435039,8900,12598
246,"Eckernförde","SCH",73996,44644,345131,10964,14208
247,"Eiderstedt","SCH",35407,58929,307850,112350,351999
248,"Husum","SCH",78911,43879,327364,11037,12715
249,"Tondern","SCH",108026,61099,456410,23312,26683
250,"Oldenburg","SCH",77638,65254,420498,14500,16202
251,"Plön","SCH",88643,70545,414925,18000,39384
252,"Landkreis Kiel","SCH",149684,152180,563714,25480,69342
253,"Rendsburg","SCH",75162,30058,247192,9858,14660
254,"Norderdithmarschen","SCH",76523,51493,373331,64710,82274
255,"Süderdithmarschen","SCH",79296,67018,424754,30112,218258
256,"Steinburg","SCH",126132,78881,511391,18702,60158
257,"Segeberg","SCH",70824,21483,267718,16306,17942
258,"Stormarn","SCH",121075,65505,458387,13589,17053
259,"Pinneberg","SCH",122737,58489,406032,11418,12720
260,"Diepholz","HAN",80199,11125,232259,96094,179429
261,"Hoya","HAN",68263,22676,236817,116976,225902
262,"Nienburg","HAN",62267,12648,197126,84561,148736
263,"Landkreis Hannover","HAN",121724,39300,349803,84222,105116
264,"Wennigsen","HAN",64802,23322,231460,81050,120100
265,"Hameln","HAN",56041,13466,206772,68366,95288
266,"Hildesheim","HIL",61409,22098,248934,128114,237689
267,"Marienburg b. H.","HIL",91976,42894,349016,139539,302516
268,"Liebenburg","HIL",67362,37611,305130,136783,217295
269,"Osterode a. H.","HIL",75369,10470,230566,58711,117282
270,"Göttingen","HIL",61227,11691,236538,70549,92208
271,"Einbeck","HIL",71459,18849,268991,76647,130896
272,"Zellerfeld","HIL",60059,16200,145882,23366,42908
273,"Celle","LUN",82337,10659,255236,140238,247329
274,"Gifhorn","LUN",76557,15007,258247,115475,219768
275,"Fallingbostel","LUN",87986,20809,254942,91376,243931
276,"Uelzen","LUN",66255,12138,215328,98918,132045
277,"Dannenberg","LUN",84921,13827,280722,139987,219701
278,"Lüneburg","LUN",57228,13425,205589,97023,146766
279,"Harburg","LUN",99884,14186,269187,124838,161809
280,"Stader Marsch","STA",76532,29041,301495,151110,231675
281,"Stader Geest","STA",55256,7041,159798,49534,101078
282,"Neuhaus","STA",45694,21147,191732,62229,165772
283,"Otterndorf","STA",28583,10877,156794,13022,19059
284,"Lehe","STA",103254,38171,388026,135623,298922
285,"Osterholz","STA",65309,14088,165129,34633,106618
286,"Verden","STA",56812,23303,190906,88220,146351
287,"Rotenburg a. W.","STA",54597,7559,151145,63160,122885
288,"Meppen","OSN",56970,6400,158110,43843,134858
289,"Lingen","OSN",72615,11550,224467,73398,168534
290,"Bersenbrück","OSN",53479,11442,189742,139881,333779
291,"Osnabrück","OSN",61907,11689,199868,78418,146353
292,"Melle","OSN",57493,12135,202312,79145,168217
293,"Aurich","AUR",122556,44767,407292,151338,316536
294,"Emden","AUR",65410,61784,393635,217852,627767
295,"Leer","AUR",81780,63588,347440,168394,313918
296,"Tecklenburg","MUN",62288,15678,187380,1366,6557
297,"Warendorf","MUN",42525,16926,143775,38900,120891
298,"Beckum","MUN",70803,19913,246627,0,2226
299,"Lüdinghausen","MUN",57265,22070,226937,67094,78201
300,"Landkreis Münster","MUN",66883,14009,229061,29573,42416
301,"Steinfurt","MUN",72813,27908,220880,90192,104158
302,"Koesfeld","MUN",62451,33012,241827,103740,141539
303,"Ahaus","MUN",36609,11537,133323,98073,566823
304,"Borken","MUN",52449,27509,179521,46369,56350
305,"Recklinghausen","MUN",96697,51518,314082,98470,213946
306,"Minden","MIN",149117,72549,436667,55400,70909
307,"Lübbecke","MIN",76865,18807,213977,58000,74278
308,"Herford","MIN",122329,37875,323618,99654,208732
309,"Halle in Westfalen","MIN",41846,11290,119314,28903,48533
310,"Bielefeld","MIN",111665,73895,326244,29744,267231
311,"Wiedenbrück","MIN",55882,19416,163607,0,10014
312,"Paderborn","MIN",71111,42517,209942,0,2279
313,"Büren","MIN",50420,10604,159149,40176,84457
314,"Warburg","MIN",50286,15942,179724,0,11559
315,"Höxter","MIN",78221,29603,294072,28609,43839
316,"Arnsberg","ARN",62437,39398,196268,2143,3443
317,"Meschede","ARN",46773,11172,122979,6300,7461
318,"Brilon","ARN",38036,10103,127606,42630,43351
319,"Lippstadt","ARN",56415,28946,254330,27939,42558
320,"Soest","ARN",80477,34545,358625,1835,4490
321,"Hamm","ARN",107517,51005,374426,953,4586
322,"Dortmund","ARN",185686,52299,467225,13779,18865
323,"Bochum","ARN",331745,92445,723272,56250,59503
324,"Hagen","ARN",206675,75660,520317,7000,10687
325,"Iserlohn","ARN",84965,56868,280225,21345,23274
326,"Altena","ARN",98810,47370,273543,8250,17995
327,"Olpe","ARN",44898,10080,110801,9620,10717
328,"Siegen","ARN",114305,69921,317534,3000,4770
329,"Wittgenstein","ARN",18798,3738,52264,30600,37249
330,"Landkreis Kassel","KAS",59086,12831,155777,0,2100
331,"Eschwege","KAS",70850,23001,200568,0,2547
332,"Fritzlar","KAS",41717,14151,141268,0,1626
333,"Hofgeismar","KAS",51785,14768,157890,1194,2087
334,"Homberg","KAS",37615,11276,105910,0,887
335,"Melsungen","KAS",40698,9035,120025,0,1671
336,"Rotenburg a. F.","KAS",49718,14454,128288,0,1828
337,"Witzenhausen","KAS",43017,15081,127358,0,2255
338,"Wolfhagen","KAS",35644,9898,125892,0,1728
339,"Marburg","KAS",69005,42920,214723,8939,12133
340,"Frankenberg","KAS",35108,5472,89623,0,2016
341,"Kirchhain","KAS",31368,5746,103031,584,1728
342,"Ziegenhain","KAS",55551,11472,168999,0,2590
343,"Fulda","KAS",70922,24987,185777,3599,5868
344,"Hersfeld","KAS",48782,15183,126043,2880,5834
345,"Hünfeld","KAS",40773,4536,97385,0,1923
346,"Hanau","KAS",170411,89165,496913,0,3690
347,"Gelnhausen","KAS",59115,10529,164628,4878,14188
348,"Schlüchtern","KAS",44326,7367,109655,0,1714
349,"Schmalkalden","KAS",44073,11007,106202,10625,15069
350,"Rinteln","KAS",63615,23934,202541,0,5327
351,"Gersfeld","KAS",29023,2448,70646,23911,24841
352,"Dillkreis (Dillenburg)","WIE",50783,17005,136420,0,2738
353,"Oberwesterwald (Marienberg)","WIE",41824,3701,108529,2417,3919
354,"Unterwesterwald (Montabaur)","WIE",60661,5719,179621,0,1680
355,"Oberlahnkreis (Weilburg)","WIE",74152,18119,234104,5772,10154
356,"Unterlahnkreis (Diez)","WIE",114490,41240,350599,2424,6148
357,"Rheingau-Kreis (Rüdesheim)","WIE",100870,47592,290537,2420,4260
358,"Mainkreis (Wiesbaden)","WIE",122701,35746,362603,0,2959
359,"Obertaunus-Kreis (Homburg)","WIE",96024,42041,275013,2000,4929
360,"Untertaunus (Langenschwalb.)","WIE",62378,11612,180277,1485,4460
361,"Hinterlandkreis (Biedenkopf)","WIE",51707,6901,128964,2840,5052
362,"Frankfurt am Main","WIE",22780,2784,51012,0,4974
363,"Koblenz","KOB",165636,182371,577364,0,8221
364,"Sankt Goar","KOB",54361,20451,163921,0,9639
365,"Kreuznach","KOB",124561,51537,390550,46032,56740
366,"Simmern","KOB",47829,8642,136750,45309,50111
367,"Zell","KOB",39096,10275,113677,3600,5718
368,"Kochem","KOB",53795,5561,141053,28849,38942
369,"Mayen","KOB",97476,22601,286872,0,3057
370,"Adenau","KOB",17614,1095,52787,5507,9235
371,"Ahrweiler","KOB",52216,24845,164782,25095,30429
372,"Neuwied","KOB",109090,53865,319316,78492,82494
373,"Altenkirchen","KOB",81775,14615,184494,38718,42497
374,"Wetzlar","KOB",88300,26955,253226,38513,55114
375,"Meisenheim","KOB",24484,3168,63552,11749,12471
376,"Kleve","DUS",97482,57540,367867,50412,54281
377,"Rees","DUS",128359,81213,438603,63765,67441
378,"Landkreis Krefeld","DUS",53064,23942,164802,24208,25252
379,"Mühlheim a. d. Ruhr","DUS",237676,116431,630831,97858,103672
380,"Landkreis Essen","DUS",224909,58038,459370,49327,54863
381,"Mörs","DUS",129665,36999,385343,56216,60936
382,"Geldern","DUS",100048,20870,279803,42376,45007
383,"Kempen","DUS",149472,35334,367829,59513,62100
384,"Landkreis Düsseldorf","DUS",98543,41921,298594,44001,45639
385,"Mettmann","DUS",107143,26428,265151,43582,95360
386,"Lennep","DUS",148864,56945,381175,55614,58975
387,"Solingen","DUS",161878,36578,383823,59381,64461
388,"Neuss","DUS",87999,46303,306521,44654,54789
389,"Grevenbroich","DUS",75299,35862,287301,41718,45304
390,"Gladbach","DUS",193973,73965,518788,99878,105292
391,"Wipperfürth","KOL",37710,6549,93332,22251,24857
392,"Waldbröl","KOL",24315,2901,56008,19487,20736
393,"Gummersbach","KOL",43536,7197,104119,23896,26216
394,"Siegkreis","KOL",116450,34008,317365,5218,7149
395,"Mülheim am Rhein","KOL",93316,60008,290186,68155,71389
396,"Landkreis Köln","KOL",204296,116545,661535,127074,130330
397,"Kreis Bergheim","KOL",60347,44473,297825,56954,61075
398,"Euskirchen","KOL",69901,32865,272130,44772,47792
399,"Rheinbach","KOL",48351,16268,178516,30410,37129
400,"Bonn","KOL",135330,282710,669593,131778,139616
401,"Daun","TRI",18901,2052,76539,22764,26656
402,"Prüm","TRI",35016,5216,100867,35278,36305
403,"Bitburg","TRI",51743,7763,164679,58919,172710
404,"Wittlich","TRI",48280,4417,145283,26249,29108
405,"Bernkastel","TRI",71512,7076,175518,33459,36634
406,"Landkreis Trier","TRI",85260,6942,245596,73973,89439
407,"Kreis Saarburg","TRI",51221,8285,150880,46251,58244
408,"Merzig","TRI",47708,12303,140305,28093,31326
409,"Saarlouis","TRI",82393,31586,242454,45963,49265
410,"Saarbrücken","TRI",186854,92121,471049,89505,99353
411,"Ottweiler","TRI",92234,19632,209992,74993,160710
412,"Sanct Wendel","TRI",57837,6012,174542,42129,48393
413,"Erkelenz","AAC",55629,17219,215720,1446,11722
414,"Heinsberg","AAC",38175,6372,128209,3458,6302
415,"Geilenkirchen","AAC",34324,10911,140811,2409,3607
416,"Jülich","AAC",63932,31394,310429,51369,55904
417,"Düren","AAC",111337,94295,458286,81962,90080
418,"Landkreis Aachen","AAC",147214,58476,434434,85055,94064
419,"Eupen","AAC",40870,24584,146466,3017,9955
420,"Montjoie","AAC",24695,5091,58825,1810,4133
421,"Schleiden","AAC",57472,12444,147348,49198,51366
422,"Malmedy","AAC",38504,10012,106157,23534,24827
423,"Oberamtsbezirk Sigmaringen","SIG",45266,10629,95059,0,2187
424,"Oberamtsbezirk Gammertingen","SIG",22641,6071,40862,1920,2847
425,"Oberamtsbezirk Hechingen","SIG",31769,7871,59208,1681,2558
426,"Oberamtsbezirk Haigerloch","SIG",19099,5053,35803,1597,2219
